SamplingEventID,PapaemClass,celltype.aml,n,prop
NBM4-MNC,NBM-MNC,HSC,33,0.00711820534943917
NBM4-MNC,NBM-MNC,LMPP,39,0.00841242450388265
NBM4-MNC,NBM-MNC,GMP,62,0.01337359792924935
NBM4-MNC,NBM-MNC,Monocytes,718,0.1548748921484038
NBM4-MNC,NBM-MNC,Megakaryocytic cells,11,0.00237273511647972
NBM4-MNC,NBM-MNC,Erythroid cells,127,0.02739430543572045
NBM4-MNC,NBM-MNC,Dendritic cells,145,0.03127696289905091
NBM4-MNC,NBM-MNC,NK-cells,239,0.05155306298533218
NBM4-MNC,NBM-MNC,T-cells,2873,0.6197152717860225
NBM4-MNC,NBM-MNC,B-cells,389,0.08390854184641933
NBM7-MNC,NBM-MNC,HSC,53,0.01016299137104506
NBM7-MNC,NBM-MNC,LMPP,56,0.01073825503355704
NBM7-MNC,NBM-MNC,GMP,138,0.02646212847555129
NBM7-MNC,NBM-MNC,Monocytes,1122,0.21514860977948227
NBM7-MNC,NBM-MNC,Megakaryocytic cells,22,0.00421860019175455
NBM7-MNC,NBM-MNC,Erythroid cells,490,0.09395973154362416
NBM7-MNC,NBM-MNC,Dendritic cells,94,0.01802492809204218
NBM7-MNC,NBM-MNC,NK-cells,358,0.06864813039309683
NBM7-MNC,NBM-MNC,T-cells,2077,0.398274209012464
NBM7-MNC,NBM-MNC,B-cells,805,0.15436241610738255
NBM8-MNC,NBM-MNC,HSC,86,0.01116738085962862
NBM8-MNC,NBM-MNC,LMPP,71,0.00921958187248409
NBM8-MNC,NBM-MNC,GMP,121,0.01571224516296585
NBM8-MNC,NBM-MNC,Monocytes,2097,0.27230229840280484
NBM8-MNC,NBM-MNC,Megakaryocytic cells,24,0.00311647837943124
NBM8-MNC,NBM-MNC,Erythroid cells,163,0.02116608232697052
NBM8-MNC,NBM-MNC,Dendritic cells,258,0.03350214257888586
NBM8-MNC,NBM-MNC,NK-cells,901,0.11699779249448124
NBM8-MNC,NBM-MNC,T-cells,3411,0.44292948967666534
NBM8-MNC,NBM-MNC,B-cells,569,0.07388650824568238
NBM10-MNC,NBM-MNC,HSC,77,0.014739663093415
NBM10-MNC,NBM-MNC,LMPP,58,0.01110260336906585
NBM10-MNC,NBM-MNC,GMP,144,0.02756508422664624
NBM10-MNC,NBM-MNC,Monocytes,1568,0.3001531393568147
NBM10-MNC,NBM-MNC,Megakaryocytic cells,29,0.00555130168453292
NBM10-MNC,NBM-MNC,Erythroid cells,118,0.02258805513016845
NBM10-MNC,NBM-MNC,Dendritic cells,184,0.03522205206738132
NBM10-MNC,NBM-MNC,NK-cells,380,0.07274119448698316
NBM10-MNC,NBM-MNC,T-cells,2100,0.40199081163859113
NBM10-MNC,NBM-MNC,B-cells,566,0.10834609494640124
NBM11-MNC,NBM-MNC,HSC,33,0.00428905640759033
NBM11-MNC,NBM-MNC,LMPP,50,0.0064985703145308
NBM11-MNC,NBM-MNC,GMP,125,0.01624642578632701
NBM11-MNC,NBM-MNC,Monocytes,1622,0.21081362100337925
NBM11-MNC,NBM-MNC,Megakaryocytic cells,22,0.00285937093839355
NBM11-MNC,NBM-MNC,Erythroid cells,238,0.03093319469716662
NBM11-MNC,NBM-MNC,Dendritic cells,240,0.03119313750974785
NBM11-MNC,NBM-MNC,NK-cells,900,0.11697426566155446
NBM11-MNC,NBM-MNC,T-cells,3962,0.5149467117234209
NBM11-MNC,NBM-MNC,B-cells,502,0.06524564595788926
NBM8-CD34,NBM-CD34,HSC,1512,0.33532934131736525
NBM8-CD34,NBM-CD34,LMPP,1308,0.29008649367930806
NBM8-CD34,NBM-CD34,GMP,383,0.0849412286538035
NBM8-CD34,NBM-CD34,Monocytes,199,0.04413395431359503
NBM8-CD34,NBM-CD34,Megakaryocytic cells,194,0.04302506098913284
NBM8-CD34,NBM-CD34,Erythroid cells,168,0.03725881570192947
NBM8-CD34,NBM-CD34,Dendritic cells,169,0.03748059436682191
NBM8-CD34,NBM-CD34,NK-cells,115,0.02550454646263029
NBM8-CD34,NBM-CD34,T-cells,272,0.06032379685074296
NBM8-CD34,NBM-CD34,B-cells,189,0.04191616766467065
NBM10-CD34,NBM-CD34,HSC,2489,0.3624581331003349
NBM10-CD34,NBM-CD34,LMPP,1943,0.28294742973642056
NBM10-CD34,NBM-CD34,GMP,469,0.06829765545361875
NBM10-CD34,NBM-CD34,Monocytes,35,0.00509683995922528
NBM10-CD34,NBM-CD34,Megakaryocytic cells,457,0.06655016746759866
NBM10-CD34,NBM-CD34,Erythroid cells,290,0.04223095966215232
NBM10-CD34,NBM-CD34,Dendritic cells,213,0.0310179117518567
NBM10-CD34,NBM-CD34,NK-cells,134,0.01951361584389107
NBM10-CD34,NBM-CD34,T-cells,77,0.01121304791029561
NBM10-CD34,NBM-CD34,B-cells,760,0.11067423911460608
NBM11-CD34,NBM-CD34,HSC,1957,0.28737151248164466
NBM11-CD34,NBM-CD34,LMPP,1934,0.2839941262848752
NBM11-CD34,NBM-CD34,GMP,575,0.08443465491923642
NBM11-CD34,NBM-CD34,Monocytes,88,0.01292217327459618
NBM11-CD34,NBM-CD34,Megakaryocytic cells,650,0.09544787077826726
NBM11-CD34,NBM-CD34,Erythroid cells,674,0.09897209985315712
NBM11-CD34,NBM-CD34,Dendritic cells,310,0.04552129221732746
NBM11-CD34,NBM-CD34,NK-cells,40,0.00587371512481644
NBM11-CD34,NBM-CD34,T-cells,85,0.01248164464023494
NBM11-CD34,NBM-CD34,B-cells,497,0.07298091042584434
AML24-AML-1,NPM1,AML Immature,2842,0.6447368421052632
AML24-AML-1,NPM1,HSC,5,0.00113430127041742
AML24-AML-1,NPM1,LMPP,54,0.01225045372050816
AML24-AML-1,NPM1,GMP,144,0.03266787658802177
AML24-AML-1,NPM1,Monocytes,297,0.06737749546279492
AML24-AML-1,NPM1,Megakaryocytic cells,60,0.01361161524500907
AML24-AML-1,NPM1,Erythroid cells,677,0.15358439201451907
AML24-AML-1,NPM1,Dendritic cells,40,0.00907441016333938
AML24-AML-1,NPM1,NK-cells,45,0.0102087114337568
AML24-AML-1,NPM1,T-cells,229,0.05195099818511797
AML24-AML-1,NPM1,B-cells,15,0.00340290381125226
AML25-AML-1,NPM1,AML Immature,3259,0.6953275016001706
AML25-AML-1,NPM1,HSC,3,6.400682739492212e-4
AML25-AML-1,NPM1,LMPP,172,0.03669724770642202
AML25-AML-1,NPM1,GMP,268,0.05717943247279709
AML25-AML-1,NPM1,Monocytes,307,0.06550032003413697
AML25-AML-1,NPM1,Megakaryocytic cells,43,0.0091743119266055
AML25-AML-1,NPM1,Erythroid cells,355,0.07574141241732452
AML25-AML-1,NPM1,Dendritic cells,128,0.0273095796885001
AML25-AML-1,NPM1,NK-cells,36,0.00768081928739065
AML25-AML-1,NPM1,T-cells,75,0.01600170684873053
AML25-AML-1,NPM1,B-cells,41,0.00874759974397269
AML27-AML-1,NPM1,AML Immature,2776,0.7802136031478358
AML27-AML-1,NPM1,HSC,5,0.0014052838673412
AML27-AML-1,NPM1,LMPP,191,0.05368184373243395
AML27-AML-1,NPM1,GMP,269,0.07560427206295672
AML27-AML-1,NPM1,Monocytes,5,0.0014052838673412
AML27-AML-1,NPM1,Erythroid cells,70,0.01967397414277684
AML27-AML-1,NPM1,Dendritic cells,13,0.00365373805508712
AML27-AML-1,NPM1,NK-cells,62,0.01742551995503091
AML27-AML-1,NPM1,T-cells,147,0.04131534569983136
AML27-AML-1,NPM1,B-cells,20,0.00562113546936481
AML28-AML-1,NPM1,AML Immature,5253,0.9318786588610964
AML28-AML-1,NPM1,HSC,8,0.00141919460706049
AML28-AML-1,NPM1,LMPP,2,3.547986517651233e-4
AML28-AML-1,NPM1,GMP,4,7.095973035302466e-4
AML28-AML-1,NPM1,Monocytes,21,0.00372538584353379
AML28-AML-1,NPM1,Megakaryocytic cells,48,0.00851516764236295
AML28-AML-1,NPM1,Erythroid cells,71,0.01259535213766187
AML28-AML-1,NPM1,NK-cells,45,0.00798296966471527
AML28-AML-1,NPM1,T-cells,127,0.02252971438708533
AML28-AML-1,NPM1,B-cells,58,0.01028916090118857
AML33-Relapse-1,NPM1,AML Immature,5432,0.8865676513791415
AML33-Relapse-1,NPM1,HSC,5,8.160600620205648e-4
AML33-Relapse-1,NPM1,LMPP,14,0.00228496817365758
AML33-Relapse-1,NPM1,GMP,80,0.01305696099232903
AML33-Relapse-1,NPM1,Monocytes,13,0.00212175616125346
AML33-Relapse-1,NPM1,Megakaryocytic cells,2,3.264240248082259e-4
AML33-Relapse-1,NPM1,Erythroid cells,8,0.0013056960992329
AML33-Relapse-1,NPM1,NK-cells,35,0.00571242043414395
AML33-Relapse-1,NPM1,T-cells,437,0.07132364942059735
AML33-Relapse-1,NPM1,B-cells,101,0.0164844132528154
AML79-AML-1,NPM1,AML Immature,1931,0.9626121635094717
AML79-AML-1,NPM1,HSC,2,9.970089730807576e-4
AML79-AML-1,NPM1,LMPP,6,0.00299102691924227
AML79-AML-1,NPM1,Megakaryocytic cells,2,9.970089730807576e-4
AML79-AML-1,NPM1,Erythroid cells,5,0.00249252243270189
AML79-AML-1,NPM1,NK-cells,5,0.00249252243270189
AML79-AML-1,NPM1,T-cells,38,0.01894317048853439
AML79-AML-1,NPM1,B-cells,17,0.00847457627118644
AML104-AML-1,NPM1,AML Immature,2494,0.9603388525221408
AML104-AML-1,NPM1,HSC,1,3.850596842510589e-4
AML104-AML-1,NPM1,LMPP,1,3.850596842510589e-4
AML104-AML-1,NPM1,GMP,6,0.00231035810550635
AML104-AML-1,NPM1,Monocytes,3,0.00115517905275317
AML104-AML-1,NPM1,Megakaryocytic cells,10,0.00385059684251058
AML104-AML-1,NPM1,Erythroid cells,38,0.01463226800154023
AML104-AML-1,NPM1,NK-cells,9,0.00346553715825953
AML104-AML-1,NPM1,T-cells,19,0.00731613400077011
AML104-AML-1,NPM1,B-cells,16,0.00616095494801694
AML136-AML-1,NPM1,AML Immature,2903,0.7895023116671199
AML136-AML-1,NPM1,HSC,1,2.719608376393799e-4
AML136-AML-1,NPM1,LMPP,41,0.01115039434321457
AML136-AML-1,NPM1,GMP,35,0.00951862931737829
AML136-AML-1,NPM1,Monocytes,352,0.09573021484906172
AML136-AML-1,NPM1,Megakaryocytic cells,11,0.00299156921403317
AML136-AML-1,NPM1,Erythroid cells,11,0.00299156921403317
AML136-AML-1,NPM1,Dendritic cells,127,0.03453902638020125
AML136-AML-1,NPM1,NK-cells,16,0.00435137340223007
AML136-AML-1,NPM1,T-cells,57,0.01550176774544465
AML136-AML-1,NPM1,B-cells,123,0.03345118302964373
AML7-AML-1,NPM1,AML Immature,1659,0.3134920634920635
AML7-AML-1,NPM1,HSC,9,0.00170068027210884
AML7-AML-1,NPM1,LMPP,59,0.01114890400604686
AML7-AML-1,NPM1,GMP,645,0.12188208616780044
AML7-AML-1,NPM1,Monocytes,314,0.05933484504913076
AML7-AML-1,NPM1,Megakaryocytic cells,61,0.01152683295540438
AML7-AML-1,NPM1,Erythroid cells,1579,0.29837490551776263
AML7-AML-1,NPM1,Dendritic cells,98,0.01851851851851851
AML7-AML-1,NPM1,NK-cells,42,0.0079365079365079309
AML7-AML-1,NPM1,T-cells,669,0.1264172335600907
AML7-AML-1,NPM1,B-cells,157,0.02966742252456538
AML9-AML-1,NPM1,AML Immature,36,0.0071599045346062
AML9-AML-1,NPM1,HSC,1,1.988862370723946e-4
AML9-AML-1,NPM1,LMPP,1,1.988862370723946e-4
AML9-AML-1,NPM1,GMP,2052,0.4081145584725537
AML9-AML-1,NPM1,Monocytes,2278,0.4530628480509149
AML9-AML-1,NPM1,Megakaryocytic cells,5,9.94431185361973e-4
AML9-AML-1,NPM1,Erythroid cells,463,0.09208432776451868
AML9-AML-1,NPM1,Dendritic cells,9,0.00178997613365155
AML9-AML-1,NPM1,NK-cells,14,0.00278440731901352
AML9-AML-1,NPM1,T-cells,88,0.01750198886237072
AML9-AML-1,NPM1,B-cells,81,0.01610978520286396
AML97-AML-1,NPM1,AML Immature,1111,0.2234063945304645
AML97-AML-1,NPM1,HSC,4,8.043434546551378e-4
AML97-AML-1,NPM1,LMPP,27,0.00542931831892218
AML97-AML-1,NPM1,GMP,132,0.02654333400361954
AML97-AML-1,NPM1,Monocytes,2119,0.4261009451035592
AML97-AML-1,NPM1,Megakaryocytic cells,151,0.03036396541323145
AML97-AML-1,NPM1,Erythroid cells,15,0.00301628795495676
AML97-AML-1,NPM1,Dendritic cells,478,0.09611904283128896
AML97-AML-1,NPM1,NK-cells,65,0.01307058113814598
AML97-AML-1,NPM1,T-cells,760,0.15282525638447617
AML97-AML-1,NPM1,B-cells,111,0.02232053086668007
AML105-AML-1,NPM1,AML Immature,2144,0.4502309953800924
AML105-AML-1,NPM1,HSC,10,0.00209995800083998
AML105-AML-1,NPM1,LMPP,49,0.01028979420411591
AML105-AML-1,NPM1,GMP,236,0.0495590088198236
AML105-AML-1,NPM1,Monocytes,1310,0.2750944981100378
AML105-AML-1,NPM1,Megakaryocytic cells,105,0.02204955900881982
AML105-AML-1,NPM1,Erythroid cells,28,0.00587988240235195
AML105-AML-1,NPM1,Dendritic cells,252,0.05291894162116758
AML105-AML-1,NPM1,NK-cells,49,0.01028979420411591
AML105-AML-1,NPM1,T-cells,466,0.09785804283914322
AML105-AML-1,NPM1,B-cells,113,0.02372952540949181
AML10-AML-1,AML-MR,AML Immature,4074,0.7558441558441559
AML10-AML-1,AML-MR,HSC,16,0.00296846011131725
AML10-AML-1,AML-MR,LMPP,103,0.01910946196660482
AML10-AML-1,AML-MR,GMP,103,0.01910946196660482
AML10-AML-1,AML-MR,Monocytes,814,0.1510204081632653
AML10-AML-1,AML-MR,Megakaryocytic cells,80,0.01484230055658627
AML10-AML-1,AML-MR,Erythroid cells,51,0.00946196660482374
AML10-AML-1,AML-MR,Dendritic cells,45,0.00834879406307977
AML10-AML-1,AML-MR,NK-cells,5,9.27643784786642e-4
AML10-AML-1,AML-MR,T-cells,66,0.01224489795918367
AML10-AML-1,AML-MR,B-cells,33,0.00612244897959183
AML21-AML-1,AML-MR,AML Immature,3685,0.6960710238005289
AML21-AML-1,AML-MR,HSC,14,0.00264450321118247
AML21-AML-1,AML-MR,LMPP,200,0.03777861730260672
AML21-AML-1,AML-MR,GMP,271,0.05119002644503211
AML21-AML-1,AML-MR,Monocytes,371,0.07007933509633547
AML21-AML-1,AML-MR,Megakaryocytic cells,6,0.0011333585190782
AML21-AML-1,AML-MR,Erythroid cells,535,0.101057801284473
AML21-AML-1,AML-MR,Dendritic cells,13,0.00245561012466943
AML21-AML-1,AML-MR,NK-cells,6,0.0011333585190782
AML21-AML-1,AML-MR,T-cells,141,0.02663392519833774
AML21-AML-1,AML-MR,B-cells,52,0.00982244049867774
AML32-AML-1,AML-MR,AML Immature,4263,0.6626768226332971
AML32-AML-1,AML-MR,HSC,18,0.00279807243898647
AML32-AML-1,AML-MR,LMPP,214,0.03326597233017255
AML32-AML-1,AML-MR,GMP,6,9.32690812995492e-4
AML32-AML-1,AML-MR,Monocytes,20,0.00310896937665164
AML32-AML-1,AML-MR,Megakaryocytic cells,11,0.0017099331571584
AML32-AML-1,AML-MR,Erythroid cells,1359,0.21125446914347892
AML32-AML-1,AML-MR,Dendritic cells,141,0.02191823410539406
AML32-AML-1,AML-MR,NK-cells,39,0.00606249028447069
AML32-AML-1,AML-MR,T-cells,310,0.04818902533810042
AML32-AML-1,AML-MR,B-cells,52,0.00808332037929426
AML55-AML-1,AML-MR,AML Immature,1419,0.2819952305246423
AML55-AML-1,AML-MR,HSC,10,0.0019872813990461
AML55-AML-1,AML-MR,LMPP,50,0.00993640699523052
AML55-AML-1,AML-MR,GMP,83,0.01649443561208267
AML55-AML-1,AML-MR,Monocytes,465,0.09240858505564388
AML55-AML-1,AML-MR,Megakaryocytic cells,362,0.071939586645469
AML55-AML-1,AML-MR,Erythroid cells,957,0.19018282988871224
AML55-AML-1,AML-MR,Dendritic cells,79,0.01569952305246422
AML55-AML-1,AML-MR,NK-cells,465,0.09240858505564388
AML55-AML-1,AML-MR,T-cells,855,0.16991255961844198
AML55-AML-1,AML-MR,B-cells,287,0.05703497615262321
AML110-AML-1,AML-MR,AML Immature,207,0.0770375883885374
AML110-AML-1,AML-MR,HSC,11,0.00409378489021213
AML110-AML-1,AML-MR,LMPP,17,0.00632675846669147
AML110-AML-1,AML-MR,GMP,9,0.00334946036471901
AML110-AML-1,AML-MR,Monocytes,68,0.02530703386676591
AML110-AML-1,AML-MR,Megakaryocytic cells,15,0.00558243394119836
AML110-AML-1,AML-MR,Erythroid cells,2090,0.7778191291403052
AML110-AML-1,AML-MR,NK-cells,32,0.01190919240788984
AML110-AML-1,AML-MR,T-cells,158,0.05880163751395608
AML110-AML-1,AML-MR,B-cells,80,0.0297729810197246
AML111-AML-1,AML-MR,AML Immature,45,0.05717916137229987
AML111-AML-1,AML-MR,HSC,9,0.01143583227445997
AML111-AML-1,AML-MR,LMPP,1,0.00127064803049555
AML111-AML-1,AML-MR,GMP,1,0.00127064803049555
AML111-AML-1,AML-MR,Monocytes,12,0.01524777636594663
AML111-AML-1,AML-MR,Erythroid cells,658,0.8360864040660737
AML111-AML-1,AML-MR,Dendritic cells,5,0.00635324015247776
AML111-AML-1,AML-MR,NK-cells,12,0.01524777636594663
AML111-AML-1,AML-MR,T-cells,32,0.04066073697585769
AML111-AML-1,AML-MR,B-cells,12,0.01524777636594663
AML126-AML-1,AML-MR,AML Immature,2111,0.5174019607843138
AML126-AML-1,AML-MR,HSC,8,0.00196078431372549
AML126-AML-1,AML-MR,LMPP,56,0.01372549019607843
AML126-AML-1,AML-MR,GMP,217,0.05318627450980392
AML126-AML-1,AML-MR,Monocytes,155,0.03799019607843137
AML126-AML-1,AML-MR,Megakaryocytic cells,53,0.01299019607843137
AML126-AML-1,AML-MR,Erythroid cells,759,0.1860294117647059
AML126-AML-1,AML-MR,Dendritic cells,20,0.00490196078431372
AML126-AML-1,AML-MR,NK-cells,55,0.01348039215686274
AML126-AML-1,AML-MR,T-cells,554,0.1357843137254902
AML126-AML-1,AML-MR,B-cells,92,0.02254901960784313
AML138-AML-1,AML-MR,AML Immature,6311,0.913446229555652
AML138-AML-1,AML-MR,HSC,9,0.00130264871906209
AML138-AML-1,AML-MR,LMPP,20,0.00289477493124909
AML138-AML-1,AML-MR,GMP,55,0.00796063106093501
AML138-AML-1,AML-MR,Monocytes,155,0.02243450571718049
AML138-AML-1,AML-MR,Megakaryocytic cells,2,2.894774931249095e-4
AML138-AML-1,AML-MR,Erythroid cells,17,0.00246055869156173
AML138-AML-1,AML-MR,Dendritic cells,56,0.00810536980749746
AML138-AML-1,AML-MR,NK-cells,85,0.01230279345780865
AML138-AML-1,AML-MR,T-cells,64,0.0092632797799971
AML138-AML-1,AML-MR,B-cells,135,0.01953973078593139
AML151-AML-1,AML-MR,AML Immature,3350,0.8813470139436991
AML151-AML-1,AML-MR,HSC,1,2.6308866087871614e-4
AML151-AML-1,AML-MR,LMPP,173,0.04551433833201789
AML151-AML-1,AML-MR,GMP,25,0.0065772165219679
AML151-AML-1,AML-MR,Monocytes,34,0.00894501446987634
AML151-AML-1,AML-MR,Megakaryocytic cells,15,0.00394632991318074
AML151-AML-1,AML-MR,Erythroid cells,124,0.0326229939489608
AML151-AML-1,AML-MR,Dendritic cells,3,7.892659826361484e-4
AML151-AML-1,AML-MR,NK-cells,4,0.00105235464351486
AML151-AML-1,AML-MR,T-cells,63,0.01657458563535911
AML151-AML-1,AML-MR,B-cells,9,0.00236779794790844
AML157-AML-1,AML-MR,AML Immature,198,0.03680981595092025
AML157-AML-1,AML-MR,HSC,855,0.15895147796988288
AML157-AML-1,AML-MR,LMPP,227,0.04220115263060048
AML157-AML-1,AML-MR,GMP,134,0.02491169362335006
AML157-AML-1,AML-MR,Monocytes,1353,0.25153374233128833
AML157-AML-1,AML-MR,Megakaryocytic cells,24,0.00446179587283881
AML157-AML-1,AML-MR,Erythroid cells,1194,0.22197434467373117
AML157-AML-1,AML-MR,Dendritic cells,828,0.1539319576129392
AML157-AML-1,AML-MR,NK-cells,120,0.02230897936419408
AML157-AML-1,AML-MR,T-cells,329,0.06116378509016546
AML157-AML-1,AML-MR,B-cells,117,0.02175125488008923
AML172-AML-1,AML-MR,AML Immature,886,0.1893971782813168
AML172-AML-1,AML-MR,HSC,12,0.00256519880290722
AML172-AML-1,AML-MR,LMPP,90,0.01923899102180419
AML172-AML-1,AML-MR,GMP,823,0.17592988456605388
AML172-AML-1,AML-MR,Monocytes,1049,0.22424112868747328
AML172-AML-1,AML-MR,Megakaryocytic cells,19,0.00406156477126977
AML172-AML-1,AML-MR,Erythroid cells,909,0.19431380932022232
AML172-AML-1,AML-MR,Dendritic cells,836,0.17870884993587002
AML172-AML-1,AML-MR,NK-cells,3,6.412997007268063e-4
AML172-AML-1,AML-MR,T-cells,31,0.00662676357417699
AML172-AML-1,AML-MR,B-cells,20,0.0042753313381787
AML34-AML-1,No class-defining,AML Immature,7548,0.9680646402462486
AML34-AML-1,No class-defining,HSC,4,5.130178273695011e-4
AML34-AML-1,No class-defining,LMPP,101,0.0129537001410799
AML34-AML-1,No class-defining,Megakaryocytic cells,9,0.00115429011158137
AML34-AML-1,No class-defining,Erythroid cells,25,0.00320636142105938
AML34-AML-1,No class-defining,NK-cells,23,0.00294985250737463
AML34-AML-1,No class-defining,T-cells,40,0.00513017827369501
AML34-AML-1,No class-defining,B-cells,47,0.00602795947159163
AML37-AML-1,TP53,AML Immature,16,0.0064464141821112
AML37-AML-1,TP53,HSC,8,0.0032232070910556
AML37-AML-1,TP53,LMPP,11,0.00443190975020145
AML37-AML-1,TP53,GMP,407,0.16398066075745366
AML37-AML-1,TP53,Monocytes,272,0.1095890410958904
AML37-AML-1,TP53,Megakaryocytic cells,4,0.0016116035455278
AML37-AML-1,TP53,Erythroid cells,872,0.35132957292506045
AML37-AML-1,TP53,Dendritic cells,14,0.0056406124093473
AML37-AML-1,TP53,NK-cells,91,0.03666398066075745
AML37-AML-1,TP53,T-cells,557,0.22441579371474615
AML37-AML-1,TP53,B-cells,230,0.0926672038678485
AML48-AML-1,TP53,AML Immature,1497,0.1357946298984035
AML48-AML-1,TP53,HSC,750,0.06803338171262699
AML48-AML-1,TP53,LMPP,303,0.0274854862119013
AML48-AML-1,TP53,GMP,352,0.03193033381712627
AML48-AML-1,TP53,Monocytes,7556,0.6854136429608128
AML48-AML-1,TP53,Megakaryocytic cells,85,0.00771044992743105
AML48-AML-1,TP53,Erythroid cells,265,0.02403846153846154
AML48-AML-1,TP53,Dendritic cells,24,0.00217706821480406
AML48-AML-1,TP53,NK-cells,7,6.349782293178519e-4
AML48-AML-1,TP53,T-cells,64,0.0058055152394775
AML48-AML-1,TP53,B-cells,121,0.01097605224963715
AML62-AML-1,TP53,AML Immature,87,0.01790860436393577
AML62-AML-1,TP53,HSC,12,0.0024701523260601
AML62-AML-1,TP53,LMPP,21,0.00432276657060518
AML62-AML-1,TP53,GMP,587,0.12083161794977355
AML62-AML-1,TP53,Monocytes,1128,0.23219431864965007
AML62-AML-1,TP53,Megakaryocytic cells,2,4.116920543433512e-4
AML62-AML-1,TP53,Erythroid cells,2425,0.4991766158913133
AML62-AML-1,TP53,Dendritic cells,37,0.00761630300535199
AML62-AML-1,TP53,NK-cells,39,0.00802799505969534
AML62-AML-1,TP53,T-cells,387,0.07966241251543846
AML62-AML-1,TP53,B-cells,133,0.02737752161383285
AML80-AML-1,TP53,AML Immature,566,0.17501546072974644
AML80-AML-1,TP53,HSC,7,0.00216450216450216
AML80-AML-1,TP53,LMPP,59,0.01824366110080395
AML80-AML-1,TP53,GMP,155,0.0479282622139765
AML80-AML-1,TP53,Monocytes,623,0.19264069264069264
AML80-AML-1,TP53,Megakaryocytic cells,102,0.03153988868274583
AML80-AML-1,TP53,Erythroid cells,1257,0.38868274582560297
AML80-AML-1,TP53,Dendritic cells,294,0.09090909090909093
AML80-AML-1,TP53,NK-cells,35,0.01082251082251082
AML80-AML-1,TP53,T-cells,105,0.03246753246753246
AML80-AML-1,TP53,B-cells,31,0.0095856524427953
AML83-AML-1,TP53,AML Immature,363,0.08705035971223021
AML83-AML-1,TP53,HSC,20,0.00479616306954436
AML83-AML-1,TP53,LMPP,57,0.01366906474820143
AML83-AML-1,TP53,GMP,614,0.147242206235012
AML83-AML-1,TP53,Monocytes,1053,0.2525179856115108
AML83-AML-1,TP53,Megakaryocytic cells,112,0.02685851318944844
AML83-AML-1,TP53,Erythroid cells,1220,0.29256594724220625
AML83-AML-1,TP53,Dendritic cells,4,9.592326139088728e-4
AML83-AML-1,TP53,NK-cells,26,0.00623501199040767
AML83-AML-1,TP53,T-cells,451,0.10815347721822542
AML83-AML-1,TP53,B-cells,250,0.05995203836930456
AML85-AML-1,TP53,AML Immature,2885,0.44377788032610366
AML85-AML-1,TP53,HSC,129,0.01984310106137517
AML85-AML-1,TP53,LMPP,228,0.03507152745731426
AML85-AML-1,TP53,GMP,144,0.02215043839409321
AML85-AML-1,TP53,Monocytes,63,0.00969081679741578
AML85-AML-1,TP53,Megakaryocytic cells,10,0.00153822488847869
AML85-AML-1,TP53,Erythroid cells,1737,0.2671896631287494
AML85-AML-1,TP53,Dendritic cells,504,0.07752653437932626
AML85-AML-1,TP53,NK-cells,99,0.01522842639593908
AML85-AML-1,TP53,T-cells,296,0.04553145669896939
AML85-AML-1,TP53,B-cells,406,0.06245193047223504
AML85-Relapse-1,TP53,AML Immature,6728,0.794426732790176
AML85-Relapse-1,TP53,HSC,26,0.00307002007320817
AML85-Relapse-1,TP53,LMPP,375,0.04427913567127169
AML85-Relapse-1,TP53,GMP,200,0.02361553902467824
AML85-Relapse-1,TP53,Monocytes,523,0.06175463454953359
AML85-Relapse-1,TP53,Megakaryocytic cells,10,0.00118077695123391
AML85-Relapse-1,TP53,Erythroid cells,30,0.00354233085370173
AML85-Relapse-1,TP53,Dendritic cells,549,0.06482465462274177
AML85-Relapse-1,TP53,NK-cells,1,1.180776951233912e-4
AML85-Relapse-1,TP53,T-cells,11,0.0012988546463573
AML85-Relapse-1,TP53,B-cells,16,0.00188924312197425
AML155-AML-1,In two subgroups,AML Immature,2017,0.4342303552206674
AML155-AML-1,In two subgroups,HSC,49,0.01054897739504844
AML155-AML-1,In two subgroups,LMPP,7,0.0015069967707212
AML155-AML-1,In two subgroups,GMP,14,0.00301399354144241
AML155-AML-1,In two subgroups,Monocytes,342,0.0736275565123789
AML155-AML-1,In two subgroups,Megakaryocytic cells,144,0.0310010764262648
AML155-AML-1,In two subgroups,Erythroid cells,400,0.0861141011840689
AML155-AML-1,In two subgroups,Dendritic cells,2,4.305705059203445e-4
AML155-AML-1,In two subgroups,NK-cells,134,0.02884822389666308
AML155-AML-1,In two subgroups,T-cells,1296,0.2790096878363832
AML155-AML-1,In two subgroups,B-cells,240,0.05166846071044134
AML61-AML-1,RUNX1::RUNX1T1,AML Immature,3653,0.5146520146520146
AML61-AML-1,RUNX1::RUNX1T1,HSC,3,4.2265426880811494e-4
AML61-AML-1,RUNX1::RUNX1T1,LMPP,10,0.00140884756269371
AML61-AML-1,RUNX1::RUNX1T1,GMP,606,0.08537616229923922
AML61-AML-1,RUNX1::RUNX1T1,Monocytes,18,0.00253592561284869
AML61-AML-1,RUNX1::RUNX1T1,Megakaryocytic cells,179,0.02521837137221752
AML61-AML-1,RUNX1::RUNX1T1,Erythroid cells,1246,0.1755424063116371
AML61-AML-1,RUNX1::RUNX1T1,Dendritic cells,1,1.4088475626937165e-4
AML61-AML-1,RUNX1::RUNX1T1,NK-cells,29,0.00408565793181177
AML61-AML-1,RUNX1::RUNX1T1,T-cells,1135,0.15990419836573683
AML61-AML-1,RUNX1::RUNX1T1,B-cells,218,0.03071287686672302
AML117-AML-1,RUNX1::RUNX1T1,AML Immature,4049,0.6821091644204852
AML117-AML-1,RUNX1::RUNX1T1,HSC,11,0.00185309973045822
AML117-AML-1,RUNX1::RUNX1T1,LMPP,31,0.00522237196765498
AML117-AML-1,RUNX1::RUNX1T1,GMP,589,0.09922506738544476
AML117-AML-1,RUNX1::RUNX1T1,Monocytes,250,0.04211590296495957
AML117-AML-1,RUNX1::RUNX1T1,Megakaryocytic cells,93,0.01566711590296496
AML117-AML-1,RUNX1::RUNX1T1,Erythroid cells,451,0.07597708894878706
AML117-AML-1,RUNX1::RUNX1T1,Dendritic cells,17,0.00286388140161725
AML117-AML-1,RUNX1::RUNX1T1,NK-cells,34,0.0057277628032345
AML117-AML-1,RUNX1::RUNX1T1,T-cells,250,0.04211590296495957
AML117-AML-1,RUNX1::RUNX1T1,B-cells,161,0.02712264150943396
AML161-AML-1,RUNX1::RUNX1T1,AML Immature,2198,0.4639088222878851
AML161-AML-1,RUNX1::RUNX1T1,HSC,7,0.00147741663149008
AML161-AML-1,RUNX1::RUNX1T1,LMPP,41,0.00865344027015618
AML161-AML-1,RUNX1::RUNX1T1,GMP,7,0.00147741663149008
AML161-AML-1,RUNX1::RUNX1T1,Monocytes,31,0.00654284508231321
AML161-AML-1,RUNX1::RUNX1T1,Megakaryocytic cells,1102,0.23258758970029547
AML161-AML-1,RUNX1::RUNX1T1,Erythroid cells,669,0.14119881806669482
AML161-AML-1,RUNX1::RUNX1T1,NK-cells,57,0.01203039257070493
AML161-AML-1,RUNX1::RUNX1T1,T-cells,562,0.118615449556775
AML161-AML-1,RUNX1::RUNX1T1,B-cells,64,0.01350780920219501
AML23-AML-1,CBFB::MYH11,AML Immature,1288,0.2042823156225218
AML23-AML-1,CBFB::MYH11,HSC,29,0.00459952418715305
AML23-AML-1,CBFB::MYH11,LMPP,325,0.05154639175257732
AML23-AML-1,CBFB::MYH11,GMP,910,0.14432989690721648
AML23-AML-1,CBFB::MYH11,Monocytes,1690,0.26804123711340205
AML23-AML-1,CBFB::MYH11,Megakaryocytic cells,104,0.01649484536082474
AML23-AML-1,CBFB::MYH11,Erythroid cells,506,0.080253766851705
AML23-AML-1,CBFB::MYH11,Dendritic cells,853,0.135289452815226
AML23-AML-1,CBFB::MYH11,NK-cells,29,0.00459952418715305
AML23-AML-1,CBFB::MYH11,T-cells,425,0.06740681998413957
AML23-AML-1,CBFB::MYH11,B-cells,146,0.02315622521808089
AML123-AML-1,CBFB::MYH11,AML Immature,1872,0.2872487340800982
AML123-AML-1,CBFB::MYH11,HSC,9,0.00138100352923124
AML123-AML-1,CBFB::MYH11,LMPP,259,0.0397422126745435
AML123-AML-1,CBFB::MYH11,GMP,214,0.03283719502838729
AML123-AML-1,CBFB::MYH11,Monocytes,1970,0.3022863280650606
AML123-AML-1,CBFB::MYH11,Megakaryocytic cells,112,0.01718582169709989
AML123-AML-1,CBFB::MYH11,Erythroid cells,65,0.00997391437778118
AML123-AML-1,CBFB::MYH11,Dendritic cells,1138,0.1746202240294614
AML123-AML-1,CBFB::MYH11,NK-cells,81,0.01242903176308117
AML123-AML-1,CBFB::MYH11,T-cells,462,0.07089151450053706
AML123-AML-1,CBFB::MYH11,B-cells,335,0.05140402025471843
AML124-AML-1,CBFB::MYH11,AML Immature,4866,0.5165056788026748
AML124-AML-1,CBFB::MYH11,HSC,39,0.00413968793121749
AML124-AML-1,CBFB::MYH11,LMPP,39,0.00413968793121749
AML124-AML-1,CBFB::MYH11,GMP,652,0.06920709054240526
AML124-AML-1,CBFB::MYH11,Monocytes,3174,0.3369069100944698
AML124-AML-1,CBFB::MYH11,Megakaryocytic cells,110,0.01167604288292113
AML124-AML-1,CBFB::MYH11,Erythroid cells,28,0.00297208364292537
AML124-AML-1,CBFB::MYH11,Dendritic cells,39,0.00413968793121749
AML124-AML-1,CBFB::MYH11,NK-cells,32,0.00339666702048614
AML124-AML-1,CBFB::MYH11,T-cells,351,0.03725719138095743
AML124-AML-1,CBFB::MYH11,B-cells,91,0.00965927183950748
